<?xml version="1.0" encoding="utf-8" ?>
<component name="ArtistView" extends="JFGroup">
  <children>
    <Poster id="backdrop" opacity=".4" loadDisplayMode="scaleToZoom" width="1920" height="1200" blendColor="#3f3f3f" />
    <LayoutGroup id="toplevel" layoutDirection="vert" itemSpacings="[75]">
      <LayoutGroup id="main_group" layoutDirection="horiz" itemSpacings="[125]">
        <LayoutGroup layoutDirection="vert" itemSpacings="[75]">
          <Label id="overview" wrap="true" lineSpacing="25" maxLines="6" width="1080" ellipsisText=" ...  (Press * to read more)" />
          <ButtonGroupHoriz id="buttons" itemSpacings="[20]">
            <IconButton id="play" background="#070707" focusBackground="#00a4dc" padding="35" icon="pkg:/images/icons/play.png" text="Play" height="85" width="150" />
            <IconButton id="instantMix" background="#070707" focusBackground="#00a4dc" padding="35" icon="pkg:/images/icons/instantMix.png" text="Instant Mix" height="85" width="150" />
          </ButtonGroupHoriz>
        </LayoutGroup>
        <Poster id="artistImage" width="500" height="500" />
      </LayoutGroup>
    </LayoutGroup>
    <Rectangle id='albumRect' translation="[0, 1050]" width="1920" height="1080" color="#000000" opacity=".75" />
    <Label id="albumHeader" translation="[120, 1100]" font="font:LargeSystemFont" />
    <AlbumGrid id="albums" translation="[120, 1200]" vertFocusAnimationStyle="fixedFocus" basePosterSize="[300, 300]" numColumns="5" numRows="99" caption1NumLines="1" itemSpacing="[50, 50]" />

    <bgv_ButtonGroupVert id="sectionNavigation" translation="[-100, 175]" itemSpacings="[10]">
      <sob_SlideOutButton background="#070707" focusBackground="#00a4dc" highlightBackground="#555555" padding="20" icon="pkg:/images/icons/details.png" text="Details" height="50" width="60" />
      <sob_SlideOutButton background="#070707" focusBackground="#00a4dc" highlightBackground="#555555" padding="20" icon="pkg:/images/icons/cd.png" text="Albums" height="50" width="60" />
    </bgv_ButtonGroupVert>

    <Animation id="pageLoad" duration=".5" repeat="false">
      <Vector2DFieldInterpolator key="[0.0, 1.0]" keyValue="[[0, 1050], [0, 750]]" fieldToInterp="albumRect.translation" />
      <Vector2DFieldInterpolator key="[0.0, 1.0]" keyValue="[[120, 1100], [120, 800]]" fieldToInterp="albumHeader.translation" />
      <Vector2DFieldInterpolator key="[0.0, 1.0]" keyValue="[[120, 1200], [120, 900]]" fieldToInterp="albums.translation" />
      <Vector2DFieldInterpolator key="[0.5, 1.0]" keyValue="[[-100, 175], [40, 175]]" fieldToInterp="sectionNavigation.translation" />
    </Animation>

    <Animation id="showAlbums" duration="0.5" repeat="false">
      <Vector2DFieldInterpolator key="[0.0, 1.0]" keyValue="[[0, 750], [0, 0]]" fieldToInterp="albumRect.translation" />
      <Vector2DFieldInterpolator key="[0.0, 1.0]" keyValue="[[120, 800], [120, 175]]" fieldToInterp="albumHeader.translation" />
      <Vector2DFieldInterpolator key="[0.0, 1.0]" keyValue="[[120, 900], [120, 275]]" fieldToInterp="albums.translation" />
      <FloatFieldInterpolator key="[0.0, 1.0]" keyValue="[0.75, 0.95]" fieldToInterp="albumRect.opacity" />
    </Animation>

    <Animation id="hideAlbums" duration="0.5" repeat="false">
      <Vector2DFieldInterpolator key="[0.0, 1.0]" keyValue="[[0, 0], [0, 750]]" fieldToInterp="albumRect.translation" />
      <Vector2DFieldInterpolator key="[0.0, 1.0]" keyValue="[[120, 175], [120, 800]]" fieldToInterp="albumHeader.translation" />
      <Vector2DFieldInterpolator key="[0.0, 1.0]" keyValue="[[120, 275], [120, 900]]" fieldToInterp="albums.translation" />
      <FloatFieldInterpolator key="[0.0, 1.0]" keyValue="[0.95, 0.75]" fieldToInterp="albumRect.opacity" />
    </Animation>

  </children>
  <interface>
    <field id="pageContent" type="node" onChange="pageContentChanged" />
    <field id="musicArtistAlbumData" type="assocarray" alias="albums.MusicArtistAlbumData" />
    <field id="musicAlbumSelected" alias="albums.itemSelected" />
    <field id="playArtistSelected" alias="play.selected" />
    <field id="instantMixSelected" alias="instantMix.selected" />
    <field id="selectedButtonIndex" type="integer" value="-1" />
  </interface>
  <script type="text/brightscript" uri="pkg:/source/utils/misc.brs" />
  <script type="text/brightscript" uri="ArtistView.brs" />
</component>
