<?xml version="1.0" encoding="utf-8" ?>
<component name="PhotoDetails" extends="JFGroup">
  <children>
    <LayoutGroup id="toplevel">
        <Poster id="photo" width="1920" height="1080" loadDisplayMode="scaleToFit"/>
    </LayoutGroup>
  </children>
  <interface>
    <field id="itemContent" type="node" onChange="itemContentChanged" />
  </interface>
  <script type="text/brightscript" uri="PhotoDetails.brs" />
  <script type="text/brightscript" uri="pkg:/source/utils/misc.brs" />
</component>
