<?xml version="1.0" encoding="utf-8" ?>
<component name="PersonData" extends="JFContentItem">
<interface>
    <field id="image" type="node" onChange="setPoster" />
    <field id="movieID" type="string" />
    <field id="overview" type="string" />
</interface>
<script type="text/brightscript" uri="PersonData.brs" />
<script type="text/brightscript" uri="pkg:/source/api/Image.brs" />
<script type="text/brightscript" uri="pkg:/source/api/baserequest.brs" />
<script type="text/brightscript" uri="pkg:/source/utils/config.brs" />
</component>