<?xml version="1.0" encoding="utf-8" ?>
<component name="SceneManager" extends="Group">
  <interface>
    <function name="pushScene" />
    <function name="popScene" />
    <function name="settings" />
    <function name="getActiveScene" />
    <function name="clearScenes" />
    <function name="clearPreviousScene" />
    <function name="resetTime" />
    <function name="userMessage" />
    <field id="currentUser" type="string" onChange="updateUser" />
  </interface>
  <script type="text/brightscript" uri="SceneManager.brs" />
</component>
