<?xml version="1.0" encoding="utf-8" ?>
<component name="TVEpisodeData" extends="ContentNode">
  <interface>
    <field id="id" type="string" />
    <field id="title" type="string" />
    <field id="image" type="node" onChange="setPoster" />
    <field id="posterURL" type="string" />
    <field id="showID" type="string" />
    <field id="seasonID" type="string" />
    <field id="overview" type="string" />
    <field id="type" type="string" value="Episode" />
    <field id="json" type="assocarray" onChange="setFields" />
    <field id="selectedAudioStreamIndex" type="integer" />
    <field id="favorite" type="boolean" />
  </interface>
  <script type="text/brightscript" uri="TVEpisodeData.brs" />
</component>
