<?xml version="1.0" encoding="utf-8" ?>

<component name="LoadProgramDetailsTask" extends="Task">
  <interface>
    <field id="programId" type="string" />
    <field id="ChannelIndex" type="integer" />
    <field id="ProgramIndex" type="integer" />
    <field id="programDetails" type="node" />
  </interface>
  <script type="text/brightscript" uri="LoadProgramDetailsTask.brs" />
  <script type="text/brightscript" uri="pkg:/source/api/baserequest.brs" />
  <script type="text/brightscript" uri="pkg:/source/utils/config.brs" />
</component>