{
    "keyboardWidthFHD": 495,
    "keyboardHeightFHD": 300,
    "keyboardWidthHD": 324,
    "keyboardHeightHD": 200,
    "sections": [
        {
            "grids": [
                {
                    "rows": [
                        {
                            "keys": [
                                {
                                    "label": "1"
                                },
                                {
                                    "label": "2"
                                },
                                {
                                    "label": "3"
                                }
                            ]
                        },
                        {
                            "keys": [
                                {
                                    "label": "4"
                                },
                                {
                                    "label": "5"
                                },
                                {
                                    "label": "6"
                                }
                            ]
                        },
                        {
                            "keys": [
                                {
                                    "label": "7"
                                },
                                {
                                    "label": "8"
                                },
                                {
                                    "label": "9"
                                }
                            ]
                        },
                        {
                            "keys": [
                                {
                                    "icon": "theme:DKB_DeleteKeyBitmap",
                                    "focusIcon": "theme:DKB_DeleteKeyFocusBitmap",
                                    "autoRepeat": 1,
                                    "strOut": "backspace"
                                },
                                {
                                    "label": "0"
                                },
                                {
                                    "icon": "pkg:/images/icons/check_white.png",
                                    "focusIcon": "pkg:/images/icons/check_black.png",
                                    "strOut": "submit"
                                }
                            ]
                        }
                    ]
                }
            ]
        }
    ]
}