<?xml version="1.0" encoding="utf-8" ?>
<component name="HomeItem" extends="Group">
  <children>
    <Rectangle id="backdrop" width="464" height="261" translation="[8,5]" />
    <Poster id="itemIcon" width="100" height="100" translation="[190,85]" loadDisplayMode="scaleToFit" />
    <Poster id="itemPoster" width="464" height="261" translation="[8,5]" loadDisplayMode="scaleToZoom" />
    <ScrollingLabel id="itemText" horizAlign="center" vertAlign="center" font="font:SmallBoldSystemFont" height="64" maxWidth="456" translation="[8,267]" repeatCount="0" />
    <Label id="itemTextExtra" horizAlign="left" vertAlign="center" font="font:SmallBoldSystemFont" height="32" width="456" translation="[8,300]" visible="false" color="#777777FF" />
  </children>
  <interface>
    <field id="itemContent" type="node" onChange="itemContentChanged" />
    <field id="itemHasFocus" type="boolean" onChange="focusChanged" />
  </interface>
  <script type="text/brightscript" uri="HomeItem.brs" />
  <script type="text/brightscript" uri="pkg:/source/api/Image.brs" />
  <script type="text/brightscript" uri="pkg:/source/api/baserequest.brs" />
  <script type="text/brightscript" uri="pkg:/source/utils/config.brs" />
</component>