<?xml version="1.0" encoding="utf-8" ?>
<component name="TVListDetails" extends="Group">
  <children>
    <LayoutGroup id="toplevel" layoutDirection="vert" itemSpacings="[40]">
      <LayoutGroup id="main_group" layoutDirection="horiz" itemSpacings="[30]">
        <Poster id="poster" width="350" height="300" />
        <LayoutGroup id="text" layoutDirection="vert" itemSpacings="[15]">
          <!-- Using poster of 1 length to get spacing. Not successful with adding translation to title -->
          <Poster id="null" height="1" />
          <ScrollingLabel id="title" font="font:MediumBoldSystemFont" maxWidth="950" />
          <LayoutGroup layoutDirection="horiz" itemSpacings="[20]">
            <Label id="runtime" font="font:SmallestSystemFont" />
            <LayoutGroup layoutDirection="horiz" itemSpacings="[-5]">
              <Poster id="star" uri="pkg:/images/sharp_star_white_18dp.png" height="26" width="26" blendColor="#cb272a" />
              <Label id="communityRating" font="font:SmallestSystemFont" />
            </LayoutGroup>
            <Label id="endtime" font="font:SmallestSystemFont" />
          </LayoutGroup>
          <Label id="overview" font="font:SmallestSystemFont" wrap="true" height="130" width="950" maxLines="3" ellipsizeOnBoundary="true"/>
          <LayoutGroup layoutDirection="horiz" itemSpacings="[15]">
            <Label id="video_codec" font="font:SmallestSystemFont" />
            <ScrollingLabel id="audio_codec" font="font:SmallestSystemFont" />
            <label id="audio_codec_count" font="font:smallestSystemFont" vertAlign="top" color="#ceffff" />
          </LayoutGroup>
        </LayoutGroup>
      </LayoutGroup>
    </LayoutGroup>
  </children>
  <interface>
    <field id="itemContent" type="node" onChange="itemContentChanged"/>
    <field id="selectedAudioStreamIndex" type="integer" />
    <field id="itemHasFocus" type="boolean" onChange="focusChanged" />
  </interface>
  <script type="text/brightscript" uri="TVListDetails.brs" />
  <script type="text/brightscript" uri="pkg:/source/utils/misc.brs" />
  <script type="text/brightscript" uri="pkg:/source/utils/config.brs" />
</component>
