<?xml version="1.0" encoding="utf-8" ?>
<component name="TVShowDetails" extends="JFGroup">
  <children>
    <LayoutGroup id="toplevel" layoutDirection="vert" itemSpacings="[-10]" >
      <LayoutGroup id="main_group" layoutDirection="horiz" itemSpacings="[15]" >
        <Poster id="tvshowPoster" width="300" height="450" />
        <LayoutGroup layoutDirection="vert" itemSpacings="[15]">
          <LayoutGroup layoutDirection="horiz" itemSpacings="[150]">
            <Label id="releaseYear" />
            <Label id="officialRating" />
            <LayoutGroup layoutDirection="horiz" itemSpacings="[3]">
              <Poster id="star" uri="pkg:/images/sharp_star_white_18dp.png" height="32" width="32" blendColor="#cb272a" />
              <Label id="communityRating" />
            </LayoutGroup>
          </LayoutGroup>
          <Label id="genres" />
          <Label id="tagline" />
          <Label id="overview" wrap="true" width="1400" maxLines="4" />
          <Label id="history" />
        </LayoutGroup>
      </LayoutGroup>
      <TVSeasonRow id="seasons" />
    </LayoutGroup>
    <ExtrasSlider id="tvSeasonExtras" />
  </children>
  <interface>
    <field id="itemContent" type="node" onChange="itemContentChanged" />
    <field id="seasonData" type="assocarray" alias="seasons.TVSeasonData" />
    <field id="seasonSelected" alias="seasons.rowItemSelected" />
  </interface>
  <script type="text/brightscript" uri="pkg:/source/utils/misc.brs" />
  <script type="text/brightscript" uri="TVShowDetails.brs" />
</component>
