<?xml version="1.0" encoding="utf-8" ?>

<component name="SearchTask" extends="Task">
  <interface>
    <field id="query" type="string" />
    <field id="results" type="assocarray" />
  </interface>
  <script type="text/brightscript" uri="SearchTask.brs" />
  <script type="text/brightscript" uri="pkg:/source/api/Items.brs" />
  <script type="text/brightscript" uri="pkg:/source/api/baserequest.brs" />
  <script type="text/brightscript" uri="pkg:/source/utils/config.brs" />
  <script type="text/brightscript" uri="pkg:/source/api/Image.brs" />
  <script type="text/brightscript" uri="pkg:/source/utils/deviceCapabilities.brs" />
</component>
